-,-
u1,ss
u2,ss
u3,ss
u4,ss
u5,ss
Admin,Admin
a1,a1
a2,a2
a3,a3
a4,a4
a5,a5
a6,a6
a7,a7
a8,a8
a9,a9
a10,a10
a11,a11
a12,a12
a13,a13
a14,a14
a15,a15
a16,a16
a17,a17
a18,a18
a19,a19
a20,a20
a21,a21
a22,a22
a23,a23
a24,a24
a25,a25
a26,a26
a27,a27
a28,a28
a29,a29
a30,a30
a31,a31
a32,a32
a33,a33
a34,a34
a35,a35
a36,a36
a37,a37
a38,a38
a39,a39
a40,a40
a41,a41
a42,a42
a43,a43
a44,a44
a45,a45
a46,a46
a47,a47
a48,a48
a49,a49
a50,a50
a51,a51
a52,a52
a53,a53
a54,a54
a55,a55
a56,a56
a57,a57
a58,a58
a59,a59
a60,a60
a61,a61
a62,a62
a63,a63
a64,a64
a65,a65
a66,a66
a67,a67
a68,a68
a69,a69
a70,a70
a71,a71
a72,a72
a73,a73
a74,a74
a75,a75
a76,a76
a77,a77
a78,a78
a79,a79
a80,a80
a81,a81
a82,a82
a83,a83
a84,a84
a85,a85
a86,a86
a87,a87
a88,a88
a89,a89
a90,a90
a91,a91
a92,a92
a93,a93
a94,a94
a95,a95
a96,a96
a97,a97
a98,a98
a99,a99
a100,a100
a101,a101
a102,a102
a103,a103
a104,a104
a105,a105
a106,a106
a107,a107
a108,a108
a109,a109
a110,a110
a111,a111
a112,a112
a113,a113
a114,a114
a115,a115
a116,a116
a117,a117
a118,a118
a119,a119
a120,a120
a121,a121
a122,a122
a123,a123
a124,a124
a125,a125
a126,a126
a127,a127
a128,a128
a129,a129
a130,a130
a131,a131
a132,a132
a133,a133
a134,a134
a135,a135
a136,a136
a137,a137
a138,a138
a139,a139
a140,a140
a141,a141
a142,a142
a143,a143
a144,a144
a145,a145
a146,a146
a147,a147
a148,a148
a149,a149
a150,a150
a151,a151
a152,a152
a153,a153
a154,a154
a155,a155
a156,a156
a157,a157
a158,a158
a159,a159
a160,a160
a161,a161
a162,a162
a163,a163
a164,a164
a165,a165
a166,a166
a167,a167
a168,a168
a169,a169
a170,a170
a171,a171
a172,a172
a173,a173
a174,a174
a175,a175
a176,a176
a177,a177
a178,a178
a179,a179
a180,a180
a181,a181
a182,a182
a183,a183
a184,a184
a185,a185
a186,a186
a187,a187
a188,a188
a189,a189
a190,a190
a191,a191
a192,a192
a193,a193
a194,a194
a195,a195
a196,a196
a197,a197
a198,a198
a199,a199
a200,a200
a201,a201
a202,a202
a203,a203
a204,a204
a205,a205
a206,a206
a207,a207
a208,a208
a209,a209
a210,a210
a211,a211
a212,a212
a213,a213
a214,a214
a215,a215
a216,a216
a217,a217
a218,a218
a219,a219
a220,a220
a221,a221
a222,a222
a223,a223
a224,a224
a225,a225
a226,a226
a227,a227
a228,a228
a229,a229
a230,a230
a231,a231
a232,a232
a233,a233
a234,a234
a235,a235
a236,a236
a237,a237
a238,a238
a239,a239
a240,a240
a241,a241
a242,a242
a243,a243
a244,a244
a245,a245
a246,a246
a247,a247
a248,a248
a249,a249
a250,a250
a251,a251
a252,a252
a253,a253
a254,a254
a255,a255
